total	correct	accuracy	precision	recall
5571	5563	0.9985639921019566	1.0	0.9892904953145917
