total	correct	accuracy	precision	recall
16617	8927	0.5372209183366432	0.3374238789444547	0.8778204512722035
