condition	total	correct	true_positive	false_positive	false_negative	accuracy	precision	recall
text	583	581	66	0	2	0.9965694682675815	1.0	0.9705882352941176
text_de	550	550	72	0	0	1.0	1.0	1.0
text_fr	542	541	57	1	0	0.9981549815498155	0.9827586206896551	1.0
text_hi	555	549	69	2	4	0.9891891891891892	0.971830985915493	0.9452054794520548
total	2230	2221	264	3	6	0.9959641255605381	0.9887640449438202	0.9777777777777777
